audio_file,speaker,language,duration,text,source_file
wavs/lk_0001_business_question.wav,lk,english,138.02,"Purchase decision. Purchase decision. Who is handling the purchase, sir? Purchase. This is it. Who is looking to purchase all these things? Is the IT team separate or is the admin team looking? Can i know the concerned person name? Can I get their number? If you give their number, I will directly talk to you. I will not disturb you, sir. I am not calling to disturb you. If you just say your number, I do not have any problem. I will call them directly. We will see what you need. We will deliver it correctly to your office location. It will be good if you share the correct person's information. Conference room, do you need a TV? Do you need a commercial display? To train your employees and your workers? Yes. Workers will be able to understand far more clearly watching the demo on TV, you will be able to share more information. If somebody shows you a TV with a full screen you will get a good idea of it. For that you can use our TV. It is good to use a commercial display everyday. You can take a normal TV for simple viewing, it will be very enough. The TV we use at home will be useful for you. Simple video conferencing, video talk, talking in zoom will be done in a simple TV. You can use the commercial display for a long time. If you have any requirement, please share it. I will suggest a suitable model for you. I will tell you the rate too. Please take care of it. Thank you very much sir.",business_question.wav
wavs/lk_0002_emotion.wav,lk,english,76.68,"Okay sir, okay sir. Very good sir. Thank you very much sir. I will do it like that sir. I can understand sir. I can understand sir. I understand sir. I will check carefully and tell you sir. It's okay sir. We will see sir. When you are free, there is no problem. If you want to use normal TV heavily, I will not recommend it to you. You have to go to commercial TV. It's not advisible working for a long time or hours. But it will give you problems in the long term sir. Normal TV. It will be a headache sir. Take care of it. If you buy a TV for room size, it will be good for you. It will be like watching TV. Experience. It will be good. Experience will also be good. So, if you say room size correctly, it will be very good. I will send the details. When you get time, see it. There is no problem. See it patiently sir. Thank you very much sir. Greetings.",emotion.wav
wavs/lk_0003_explain.wav,lk,english,251.52,"Okay, I will explain it in a simple way, so if you are in a boardroom or a video conferencing room where people talk to a computer picture, like they put the camera in front of them and start talking and the other person also speaks in front of the camera. But you see the person on the other side of the camera, you need a display for that type of room or that type of boardroom or you need a touch screen on which you want to show a presentation, you want to show a PPT. So for that type of boardroom arrangement, you can take a camera from us, you can take a display size from us, which is 32 inches. You can take a camera from us, you can take a display size from us, which is 32 inches. You can take a camera from us, you can take a display size from us, which is 32 inches. But the thing is, what is the size of your room, how big is the room, how small is the room, it depends a lot. If the room is small, a small TV will be useful for you, but there is also a different warranty for different TVs. Different TVs have different display brightness levels with their displays. daily use hours, how much is your daily use hours, how long do you meet, then according to that, we will suggest you a product, we will give you advice, just choosing is your job, we help Samsung to sell their products, we will give you the whole service of Samsung, we are just in their shipping, their logistics and their market coverage. In short, they are completely committed to their business. For a small meeting room, a 55 inch or 65 inch screen will be too much. Because this is necessary for the meeting, you can show ppt in it, you can run an explainer, you can explain to people, you can keep the team motivated, you can fill it with energy, you can run a motivation video. You can keep the team motivated, you can run a motivation video. A small thing, a phone, you can make a call, with which the team feels like working, this can also be used in the confidence form too, such as a 55-inch TV or a 55-inch TV will be best for you. It will be a very good decision for you, in my opinion, you please sign up once that you will be very much about youriner, you will have a lot of passion from this that you will become your team everybody will appreciate, In case of signage, the requirement is a little different, the display has to run for many hours every day, so the commercial display is more reliable than a normal TV, so I would like to tell you that you can choose a commercial display because if you run a normal display for more than 3-4 hours, it will get damaged quickly. My suggestion is that first of all, the usage, what you have to use, how to use it, what kind of room you have to use, if I understand all this well, then it will be easy to decide the model, us and you too, I will be able to recommend you the right product, the right product, this will save you money and in the future there will be some problems. You will not think that I have taken such a useless thing, it has fallen on my head, let's meet, thank you.",explain.wav
wavs/lk_0004_expressive.wav,lk,english,65.96,okay so I'm happy to help let me check and I'll get back to you hmm I understand your concern please do not worry we'll handle it we'll handle it this option will be more reliable for your use case may I call you back tomorrow if you're if you're okay sorry very sorry for the delay sir thank you very much for your patience could you please explain the requirement one more time if you don't mind I'll send the quotation so I'll send the quotation but today evening no problems or no problem we'll discuss it next week have a good day sir peace out have a beautiful day have a very beautiful day have an extremely nice day thank you very much tata bye bye,expressive.wav
wavs/lk_0005_expressive1.wav,lk,english,202.97,"Let's get started, so what I was saying is very good, sir, very simple, good, good, is it like that, I understood, sir, I understood, then we should check a little carefully, no problem, no problem, no problem, sir, you look at it calmly, take your full time, take your full time and then come back, we will definitely help you. We will definitely help you, you will get the right stuff, we don't need anything else, our life will be successful in this, heavy usage, heavy usage, I will not recommend normal TV for you, because 8 to 10 hours TV does not work in your house, normal TV does not work for 8 to 10 hours, 8 to 10 hours only works in shops, because they give their stuff, then they give you what? Then in insurance companies. It's very difficult, but if there is no insurance insurance companies, there are no hurry tour, then I do not see anyone. Even so with this, it is primary sports, then it is a canopy is necessary. People come and go and they do not see things. How do you sell the stuff? Then this kind of TV is made separately. It is expensive, but it is the whole work and will sell your things, so let him do that. This is the purpose of them. The house in which the TV runs for 2 to 4 hours, it will run daily for 8 hours a month. The first thing is that it will not work and the second thing is that it is good for the angle of the house. There is not much light in the house. In your shop, there are 4-5 bulbs in a small place because your shop should be bright. That's why Laxmi will come. So for that kind of place, you need a different kind of display. So there is a separate TV for that. So I will definitely tell you that. If you tell me the approximate size of your room, then I will tell you the screen size. Which screen size you can take, like 32 inches or 43 inches, 55 inches. The size of your room. As an example, you have a TV and a place to sit more than 6 to 7 inches. Suppose you sit 6 to 7 inches away from your TV, then 32 to 43 inches is enough for you. But if you are 9 inches or more, then you need 43 inches. Or 9 to 12 inches. If your house is big and your heart is very big, then you can go with 55 inches. But your heart should not be big and your pocket will also be a little more expensive. So you will have to see all this. I will send you the details. You don't have to worry. You can see whenever you are free. We have no problem.",expressive1.wav
wavs/lk_0006_gags.wav,lk,english,63.71,"Just like they don't beat you up for a loan, the same kind of vouchers are there. And give it to Dhanadan. Give it to Dhanadan and he'll give it to you. What about the stuff? Even if the stuff is bad, that's why you called me.",gags.wav
wavs/lk_0007_intro.wav,lk,english,283.89,hello my name is lukish kumar and i'm telling you from yexis Electronics we are a very uh known regional distributor for samsung products from samsung from chennai and we also distribute commercial displays signage boards video walls and monitors and some other products uh our televisions and some air conditioning solutions which includes hvac and and signage boards which i mentioned earlier and a few other commercial products as well which samsung makes we are like uh uh what i was saying uh i mean to say is this a good time to speak with you and this will take hardly more hardly a minute it i'll keep it very brief so i just want to make you understand whether you have any current or future requirements for displays signage video also professional monitors are currently using are you currently using some samsung products in your office your factory or your business place or do you need one so if you don't need anything no problem at all that's completely understandable uh i'm fine with it uh okay so i can send you a short profile of our company on any of the communication channels you like we prefer whatsapp or email whatsapp keep us in sync uh let's uh it lets us connect easily and keeps our life easy the communication is very clear uh email is also fine if you prefer a business look of it uh if you want it to be professional we can also meet uh we we prefer meeting in person at at your place to understanding and to understand your requirements uh let's be very clear that we use your email address and the whatsapp details to give you products to communicate with you and not do anything else which you hopefully understand so that's great thanks for the time and i really appreciate it hope you have a great day peace out okay so let's do some natural questions which appear in our minds yeah may i know who handles purchase decisions in your company is there a separate id team for monitors for display for keyboards and the whole work what is that called workstation set up i believe that is what it is called but anyways could you please connect me with the concerned peace person or if you don't mind can you share the name and the contact details that would be of great help uh if i'm not calling to disturb you um i only want to share the right information with the right person and not waste anyone else time uh if you need televisions for conference rooms for meeting rooms for reception areas for like what is that called video conferencing kind of stuff we can make everything we also have our partners uh for video conferencing like jabra harmon and carden who are uh who i believe are the parents of samson maybe they are parent concern or sister concern of samson as a company,intro.wav
wavs/lk_0008_intro1.wav,lk,english,121.27,"Vanakkam Vanakkam Sir Good morning good morning How are you? How are you sir? I believe you are doing great My name is Lokesh I am from Yexis We are regional distributors for Samsung products Can we talk for a minute? Do you have some time? I know you are very busy But I will finish my work in 1-2 minutes I will not take much time I will be brief If you are working in your office, factory or company If you have any company If you are using display, sign board, video wall I believe you are using this You will definitely use monitor Because you have to do this In this era You need TV and AC Because in China If you are using AC You can't work There is no peace Without peace Work will not happen So I will not talk much I will be brief If you have any requirement If you need anything Please let me know I will not I will send you company details in whatsapp If you need it in email I will send it to you I don't have any problem If you give correct email id It will be good Is this your whatsapp number? Or is your whatsapp another number? Or do you need another number in whatsapp? Please let me know If whatsapp is another number Please let me know I will definitely send it to you Thank you very much sir Thank you for your time",intro1.wav
wavs/lk_0009_intro2.wav,lk,english,104.18,"Namashkaar Shubh Shubh Sawery Kaise hai aap Mai Lukesh baat kar raha hu Yexis Electronics Kaise chal raha hai aapka Mai Samson ki Regional Distributor Mai Regional Distributor hu Samson ka Kya abhi aap se ek minute baat ho sakte I will not take much of your time, just 1 to 2 minutes, if you need it, we will move forward, otherwise, it's okay, you focus on your business, I just want to understand that in your office or company or any factory, any display, any signage board or any video wall or any up market, you must be using a monitor, or you must be feeling hot, then you must be needing AC, if you need something like this, if you need something like this, if there is any requirement, then tell us, we will help you completely, to fulfill your needs, I will send you my company profile on WhatsApp or email, whatever you understand correctly, you tell your email ID, we will send you, you tell me your email ID, thank you sir, thank you, your day is good, goodbye, thank you.",intro2.wav
wavs/lk_0010_intro3.wav,lk,english,326.41,"Hello Sir, Good Morning. How are you? How are you? My name is Lokesh Ba and I am Bani and I am Padi. My name is Lokesh Padi and I am working with Yexis Electronics. I am a regional distributor of Samsung products. I would like to talk to you for a minute. I would like to take a minute. I don't want to take more time from you. Don't worry. I don't want to take more time from you. But I want to talk to you for a minute. I would like to talk to you for a minute. What does this mean? I would like to talk to you for a minute. I would like to talk to you for a minute. This sounds so weird. Yes. Everyone there knows Bajpuri. What does this mean? We just want to know that in Rawa's office or factory, we need a sign board. Video wall, monitor, TV, AC. We don't need anything. That's what the company said. Yes. TV, AC. Yes. We will get the facilities. We will get the smuggled. We will get the facilities. We are looking for facilities. Now what will become of the requirement? It will become a requirement. Then the requirement will be a requirement. If it is not a requirement now, then it will become a requirement. so no problem so tell me yes yes this is very important that this is honey or other honey sometimes other honey and which one is more active yes this is very 100 honey company we are doing for fun in Bhojpuri people people don't have 10 rupees to eat paan but if you talk in Bhojpuri it will be fun slowly when someone abuses or says something like that then only it feels like",intro3.wav
wavs/lk_0011_mixed.wav,lk,mixed,118.96,"நான் லோக்கேஷ் பேசுகிறேன் Yexis ELECTRONICS எல்லாம் சம்ஸன் கமெர்சியல் டிஸ்ப்ளே, சைநேஜ் போட், மானிட்டர், ஏசி வகையில் சொல்லுஷன்ஸ் ஹேண்டில் கருத்துக்கொள்கிறேன். இப்போது உங்களிடம் ஒரு நிமிடம் பேச முடியுமா? ஒரு நிமிடம் பேச முடியுமா? மேனே சிறுவ் பிரீவ் டிடேல் ஷேர் கருனே... மேனே சிறுவ்... ஹெல்லோ ஐயா, குட் மானிங்க, நான் லோக்கேஷ் பேசுகிறேன் Yexis ELECTRONICS எல்லாம் சம்ஸன் கமெர்சியல் டிஸ்ப்ளே, சைநேஜ் போட், மானிட்டர், ஏசி வகையில் சொல்லுஷன்ஸ் ஹேண்டில் கருத்துக்கொள்கிறேன். இப்போ உங்கு இட்ட ஒரு நமிடம் பேச முடிமா. சிறுவ் மேன் சிறுவ் பிரீவ் டிடேல் ஷேர்க்கடுனா ஹோனடியாத voyageாதவும் அவைவுது இப்போ ஹோerkு. இங்காblo மோ வேண்டுமில்லாம் முனேயா運 Familieரவு? பி saxணிக்க் கொள்வார்களுக்குத்தான் அங்கே முடியுங்கதுக் கவனமையைப்பார்கள் me, you can see my number as Yexis electronics, that's fine, this is a business number, all the details will be displayed on the display photo, if you tap it there. Company profile, Whatsapp, plus share panna. Aap email ID பெயிஜ்டிஜியே, மே கோடேஷன் நீ மன்ன jackets do de Trell Zombie என்ன உண்மையிலையே? என்ன wszystkich உன்னைப் பார்க்கலாம் விளையாட்டுár விளையில் அவகா இணையாளி பார்க்கலாம் விளையாளி, டென் TWO விளையாளி இருக்காதல் நாmem informative பார்க்கலாம்",mixed.wav
wavs/lk_0012_natural.wav,lk,english,221.28,okay let's give it another chance so is there a need for any televisions for conference rooms for meeting rooms or for any reception area purpose if you're looking for something really normal of like consumer electronics uh like televisions which we use in uh shops and display areas or do you require some professional commercial displays if you require anything do let us know it would be of great help the main difference is the usage time the warranty brightness and reliability the warranty comes we take care of the warranty we only do we only do service management what is it called i just don't remember but anything the brightness well speaking of brightness it really matters when you are displaying something when you're displaying an advertisement in the on the shop and the reliability comes to us because we take care of shipping and logistics and we deliver after after sale service as well we take care of that we are completely answerable of the after sale service which we provide that's extremely important to us uh it's not just about the orders the purchase value of customers we would like to have we would love to have basically a good quality of customers who use our products we use regular feedback who who just pat our backs and scold us as well when we are at our extremely bad position and don't provide service they scold us they have a lift test us and do anything because we we are responsible we are we are answerable to their questions and and if the screen will be used for many hours every day for roughly you can see 8 to 10 hours a day because at malls the displays usually around 8 hours or maybe more than that commercial displays usually shine there but if it is only for simple viewing a normal television may be enough he can suggest the right model based on your room size viewing distance and budget and for that we will need to visit for a very personalized experience a visit is essential and I would love to know your timings and your availability on the same would you like me to send me a few options on any of these channels the communication channels like whatsapp I can we can connect on whatsapp,natural.wav
wavs/lk_0013_number.wav,lk,english,215.48,okay hello hello hello let's not talk about some numbers some names and some products so some model numbers uh might be q b 43 c so the screen size available are 43 inches 50 55 inches 65 inches 75 inches 85 inches 80 inches and one of five inches and it may go on and on so the price depends on the quality you get the type of display and we also warranty you and give you some extended warranty as well because that's extremely an after sales service is essential and the installation also cost us some money because we need to cover insurance and assure our engineers so that's critically essential for us so this is our office number it's 044-4856-2812 and you can dial me on my mobile number it's 98 four zero zero five eight eight two two and there's another number it's eight one four eight nine seven zero three four five and yeah please send me the requirement to sales at the Yexis electronics dot in and also share me the details at sales at access electronics dot in you can also share me the email uh your requirements okay okay let's go on so yeah i was saying ashwiniat Yexis electronics dot com okay so the quotation includes the product calls gst delivery and installation charges and uh if the site is off the web it's free to use and i don't need to have all the config for my app and die сво Spicy Air is free too the site is outside chennai and outside are speculated geographical locations the logistics may be called calculated separately and it may not include as free home delivery or free delivery to say so and yes i would like to verify the billing name shipping address and gst number which i got from the internet and also the contact details and the person's name woman whom i am contacting okay so let's uh please share the billing name the shipping address the gst number and contact person details once i receive the details i'll prepare the quotation and send it to you as soon as possible that's good okay so let's get started going very yes we were at the email id and yes long natural paragraphs,number.wav
wavs/lk_0014_paragraph.wav,lk,english,208.4,"okay so now the turn is for longer natural paragraphs so basically this is like the explanation part which consumes a lot of time on calls uh let's get going let me explain this simply if you need a display for a boardroom the main things to consider are screen size brightness connectivity and how many hours the display will run each day basically how many hours you meet and you sit for meeting and don't work for a small meeting room a 55 inch or 65 inch screen may be enough for a larger conference room you may need 75 inch or 85 inch depending on the viewing distance for signage the requirement is different the display may have to run for 10 to 16 hours a day sometimes even longer in that case commercial displays are better than normal televisions because they are designed for longer use better heat handling and business environment business environments business environments i'm not saying you must buy the most expensive model i'm saying we should choose the right smarts rise right model for the right usage that way you do not overspend and you also do not face problems later and you are covered in our warranty plans let's move on to some conversational sales which we usually do okay so we are still at the beginning of the video once we have finished we will go in to the next section which is the video i want to say thank you to everyone hello so hello sir this is ashwini hello so this is ashwini and i'm i spoke with you last week regarding samsung display requirements i just wanted to check whether you had a chance to look at the details i shared with you on whatsapp or on email so if not there's no hurry sir i'm following up so that i do not miss the next video so for now, we will say good bye to everyone, have a nice week. miss your requirements so is the requirement still open from your end or has it been postponed or it has been fulfilled by some other vendor do let me know it's it gives me a clarity for the month's target and focus on potential customers if it is postponed i can follow up next month no worries at all and if you need a revised quotation i can prepare it by today hopefully by the end of the day if the price is the concern please let me know the target budget i'll check what best can be done and we can assure you we'll do our best thank you very much and i'll wait for your confirmation have a nice day! Have a good day. Peace out.",paragraph.wav
wavs/lk_0015_paragraph1.wav,lk,english,91.75,"I will explain it in a simple way You need a display for boardroom Screen size, brightness, connectivity, warranty Daily how many hours you will use the TV If you say all these, we can recommend a TV for you Very easily For small meeting room, 55 inch, 65 inch This is enough If you have a big conference room If you have a big conference room like in Vijay's movie You will need 75 inch 85 inch is better for you If you need signage, tell me It is different, it is very different You can use the display for a long time From 8 to 10 hours This is very good If you use a commercial display, the reliability will be better I am not saying that you should buy a costly model I am telling you to use the correct usage model If you do so, the budget will not be wasted Your money will not go waste There will be less problems in the future That's what I am saying There is nothing else After that it is up to you Live and grow",paragraph1.wav
wavs/lk_0016_purchase.wav,lk,english,131.05,"Okay, who handles the purchase decision and is this IT team separate or does the admin team only look at the requirements? What I mean to say is that there will be a need for an IT team, some monitor will be needed, some PC will be needed. Does the IT team look at all these needs from itself or does it share its needs with someone else? That this thing makes a list for itself that this thing is needed and we need this thing. So it gives to the admin that the IT team takes care of itself, they will have their own manager or their own representative. If I get a chance to talk to them, I will be happy. I just want to say that I am happy. I just want to share the details so that when the requirement comes, you have the information, the information is ready. Which number will you dial, you will get the service immediately. You will get a new Navillate TV, you will need a new Navillate TV for the conference room or a commercial display. You have to show something, you have to advertise about your company. Something else. If you need anything, then you must remember us. If your screen runs a display for many hours every day, some commercial display. Basically, like, as you understand, there is a commercial going on behind the reception in which you want to tell more about your things, your product, your software. And you want to do something like a picture. Basically, everyone speaks, but not everyone can hear because nowadays, it is a habit, more than 30 seconds people don't stick. So these are some of the difficulties. In this we will help you, we will help you to overcome these difficulties. Come on, thanks.",purchase.wav
wavs/lk_0017_start.wav,lk,english,429.09,"hope it is working so let's get started so now the thing is I need to make this more practical and more usable so now I'm doing a recording script for some voice cloning process and text-to-speech work so the cool is like to record a very clean very expressive and single speaker audio for voice cloning text to speech and possibly some fine-tuning models so I'm recording this as a separate file not one long not a long file using the same mic using on the same room and sitting in the same position for nearly more than seven degrees if I'm not wrong and obviously this is a very simple process so I'm going to start with the microphone size so the distance will be the same because it's Jabra I believe the head is Jabra BIZ 2300 USB MS microphone so well it is advised the best format would be WV it would be mono would be great and the frequency should be around 44.1 kilohertz or 45.2 kilohertz 48 kHz and the bitrate will be around 16 bit or 24 bits in memory and some of the high quality acceptable recording format would be M4A, I believe that is recorded from phones, mobile phones and also some high quality MP3 players are also acceptable. These are not advised, not recommended but these are acceptable, later we can convert these things and the things which we need to be avoided are like some voice notes from any communication channels like WhatsApp, like Telegram or any other thing, any screen recording voice or some low bitrate MPEG audio formats. An audio recorder. You can record with a lot of disturbance, a lot of noise such as fans running in the background, traffic honking, echoes of your own voice, maybe because of the room is so small and some music running in the background. You might be at a party and also doing some work, multitasking which is not a great thing to do. So the recording. It only gives us M4A, use it and we will convert it to MWAP later. So the clean recording matters more than what rubbish you speak, it really doesn't matter. So yeah, here the challenges are you need to be natural, you need to be small pause, I mean small pause, you need to speak in your random, in your own language, at your own speed, you need to be really calm. The questions need to be really clear and you need to emphasize everything politely and have concerns where concerns are shown and you need to be confident. The voice needs to be really confident because you are going to pitch some exciting features. So you need to be exceptionally confident on your talk. And a smile is always looks exemplary and things which you need to avoid. These are critically essential. You don't need to act too much. That's not necessary and this is just a recording. There's no need to shout, no need to talk too slow or whisper around and I mean fake a lot of drama. You know, in your surroundings and make a lot of buzz, that's not going to work. The monotone reading will also not make you, I mean, do any help to your job. And don't just rush it. Just be in peace. When you're set, you need to be warm. Actually smile slightly while speaking. When it says concerned, you need to be a little slow down, normal your pace and when it says clear, speak cleanly and evenly. And what do you mean by evenly, which I don't have any idea about it, but whatever, let's just go ahead. So the plan for the session is we need roughly around 25 minutes of English voice recording, around 15 minutes. Each of Tamil and Hindi voice recording. Some fun Pooch Puri recordings for around 10 to 15 minutes will be great. And some mix, a mix of English and Tunglish and some otherish, which I don't have any idea about. That would make a real sense. And don't record in bulk at around 70, 80, 90. So take pause, take a deep breath, record in different languages so that the job keeps you excited. And yeah, before going, going for it, just start fresh. Don't sleep. Don't eat and sleep. These are the essentials. So yeah, let's get going. So hello. Good morning. Hope you are doing well today. This is Luke and I'm calling you from Yexis Electronics. Hope you are doing well. We are regional distributors for Samsung products, including commercial displays, signage boards, video walls, monitors, televisions, and some air conditioner solutions. And we have all our commercial stuff, which are used by businesses, the HVAC systems and whatnot. We sell everything. Like and subscribe!",start.wav
wavs/lk_0018_starting.wav,lk,english,13.44,I hope you can hear my voice Namaskar How are you?,starting.wav
wavs/lk_0019_variation.wav,lk,english,226.92,"Okay, okay. So as I said, for simple viewing, a normal television may be enough. But if you're looking, I would suggest you the right model based on the room size, viewing distance and the budget. And I would love to send you a few options on your WhatsApp. If you if you're fine sharing a few details like your WhatsApp number so that we can give you some options. Do have a look at it. Discuss with the team and do let us know. We'll go ahead if you're interested in negotiations and also in consultations to get the deal done. Okay, so that's good to hear. Oh, I see. I do not know that. Oh, I understand. In that case, we should not rush the decision. Let me check. Let me check the requirement properly and then suggest the right product for that. I would like a person from us or from our team. To visit you personally at your office place or wherever you are trying to install it, install the products. So to give you a personalized decision, the personalized product recommendation, according to our knowledge and our understanding in the industry, our understanding in the industry. Okay, so that's clean. Oh, no worries. No worries. So we'll wait until you are ready. There's no hurry. We'll wait. I would not recommend that model for a commercial purpose because it is for home use and in homes we mostly use our televisions roughly four to five hours at peak times in the night at prime times in the night to have a prime to have a go at our prime ministers. So let's not get political there, but that's fine. It may work for a short time, but it may not be reliable for a long run because it's a commercial TV. Not it's a personal use TV. It's a TV which we use for our personal use for home purpose and not a commercial commercially viable. Display because commercial displays easily run for around eight to 10 hours because they need to. We need to sell our products as well. So that's essential. If you can share the approximate size of the room because keep in mind size of the room is really essential to suggest the right scene size. You do not have to do that. Decide immediately. That's okay. You don't need to decide immediately. Take your time. I'll send you the details by any chance. If you're comfortable, I can share you some details and reviews and you can review them cross verify whenever you're free.",variation.wav
