lk_0001_tamil_business_question_001|பர்ச்சேஸ் டிசிஷன், பர்ச்சேஸ் டிசிஷன், யார் ஏதோ அழுதுகிட்டு பார்க்கிறாங்க ஐயோ.
lk_0001_tamil_business_question_002|பிரச்சினை இதுதானா இந்த ப்ராடக்ட்ல?
lk_0001_tamil_business_question_003|ஏனென்று அவர் கேட்க, நான் வரக்கூட இல்லை என்கிறேன். உங்களை டைமிற்கு காணவே இல்லை சார். டைமிற்கும் காலிற்கும் இரண்டும் வேண்டும். நீங்கள் இதை இப்படி கூறினால், நீங்கள் மனதில் என்ன நினைப்பீர்கள்?
lk_0001_tamil_business_question_004|எனக்கு எந்தப் பிரச்சினையும் இல்லை. நான் உங்களுக்கு அழைத்து பேசிவிட்டேன். உங்களுக்கு உங்களுக்கு என்ன தேவை என்பதைப் பார்த்துக்கொள்ளுங்கள். அதை நாங்கள் உங்களுக்கு ரெடி பண்ணித் தருகிறோம். உங்களுக்கு அது உதவியாக இருக்கும்.
lk_0001_tamil_business_question_005|தயவுசெய்து என்னுடைய இன்ஃபர்மேஷனை மட்டும் கொஞ்சம் செக் பண்ணிப் பார்த்தீர்கள் என்றால் நன்றாக இருக்கும். கான்பரன்ஸ் ரூமிற்கு உங்களுக்கு டிவி தேவையா அல்லது கமர்ஷியல் டிஸ்ப்ளே ஏதாவது வேண்டுமா?
lk_0001_tamil_business_question_006|உங்களுடைய முதல் சாட்டில் உங்களுடைய கம்பெனியில் என்ன யூஸ் செய்கிறீர்கள்?
lk_0001_tamil_business_question_007|டிவியைப் பார்த்து நாம் வாய்மொழியாகச் சொல்வதை விட, அவர்களுக்கு டிஸ்ப்ளே செய்து காட்டினால், யாராக இருந்தாலும் மிகவும் சீக்கிரமாக, மிகவும் ஈஸியாகப் புரியும். இந்த மாதிரி நீங்கள் பயன்படுத்திக்கொள்ளலாம்.
lk_0001_tamil_business_question_008|நீங்கள் ஒரு டிவியை யூஸ் பண்ணிக்கலாம். எங்க டிவியை நீங்கள் யூஸ் பண்ணிக்கலாம். டெய்லி ரொம்ப நேரம் கமர்ஷியல் டிவியை யூஸ் பண்ணுவதற்கு நல்லா இருக்கும்.
lk_0001_tamil_business_question_009|சிம்பிளாக வியூ செய்துகொண்டிருக்கும் மானிட்டர்தான்.
lk_0001_tamil_business_question_010|சிம்பிளாக வியூ பண்ணி விவரம் எடுத்துக்கலாம். எந்தப் பிரச்சினையும் இல்லை. நாங்கள் எல்இடி வால் கூட பிட் பண்ணித் தருகிறோம். அது உங்களுக்கு எல்இடி வால் ஆக இருக்கும்.
lk_0001_tamil_business_question_011|இப்போது சிம்பிளான வீடியோ கான்பரன்சிங்கிற்கு, வீடியோ கான்பரன்சிங்கில்
lk_0001_tamil_business_question_012|வீடியோ கான்பரன்ஸ், வீடியோ கான்பரன்சிங், ஜூம்-இல் பேசுவது, அதெல்லாம் உங்களுக்கு சிம்பிளாக முடிந்துவிடும்.
lk_0001_tamil_business_question_013|சிம்பிள் டிவியில, கமர்ஷியல் டிஸ்ப்ளேல, நீங்கள் இந்த மாதிரி, பேசிக்காக, மிக நீண்ட நேரம் நீங்கள் அந்த கமர்ஷியல் டிஸ்ப்ளேவை யூஸ் பண்ணிக்கலாம்.
lk_0001_tamil_business_question_014|விவரம் எடுத்துக்கொள்ளலாம். உங்களுக்கு ஏதாவது தேவை இருந்தால் நான் இதை ஹைலி ரெகமண்ட் பண்ணுவேன்.
lk_0002_tamil_emotion_001|சரி சார், சரி சார், ரொம்ப நல்லா இருக்கு சார், ரொம்ப சந்தோஷம். அப்படியே சரி சார், அப்படியே செய்கிறேன் சார். நான் தான் தெரிந்து கொள்ள வேண்டும்.
lk_0002_tamil_emotion_002|நான் தான் தெரிந்து கொள்ள வேண்டும், புரியுது. ஐயோ ஐயோ ஐயோ! நான் பார்த்துக்கிறேன் சார், செக் செய்து சொல்கிறேன். ஐயோ ஐயோ, பரவாயில்லை, ஐயோ ஐயோ பார்க்கலாம். ஐயோ நீங்கள் ஏன் முகம் சுளிக்கிறீங்க, பாருங்க.
lk_0002_tamil_emotion_003|எந்த பிரச்சினையும் இல்லை. ஏகப்பட்ட வேலைகளைச் செய்ய வேண்டிய நிலையில் நான் இருக்கிறேன். நீங்கள் தான் வந்து பார்த்து, எந்த நிலையில் பொருள் இருக்கிறது, அது சரியாக வருகிறதா என்று பார்க்க வேண்டும். எனக்கே பிரச்சனைகள் எல்லாம் தீரட்டும்.
lk_0002_tamil_emotion_004|ஒரே தலைவலியாக இருக்கிறது. நீங்கள் மாற்றிக் கொடுங்கள். ரூம் செட்டப் பண்ணி சொன்ன மாதிரி நீங்கள் டிவி எடுத்தீங்களா?
lk_0002_tamil_emotion_005|உங்களுக்கு நல்லா இருக்கும், டிவி பார்ப்பதற்கு நிறைய பேர் இருக்காங்க, எக்ஸ்பீரியன்ஸ் நல்லா இருக்கும், அனுபவம் நல்லா இருக்கும். அதனால்தான் கரெக்டான சாய்ஸை சூஸ் பண்ண வேண்டும் என்று நான் சொன்னேன்.
lk_0002_tamil_emotion_006|மிகவும் இதுவாக இருக்கும். நீங்கள் நேரில் வந்து பாருங்கள். எந்த பிரச்சினையும் இல்லை. பொறுமையாவே பாருங்கள் சார். மிக்க நன்றி ஐயா, வணக்கம். [1] 
lk_0003_hindi_explain_001|अच्छा जी, मैं सिंपल तरीके से आपको विस्तार में एक्सप्लेन कर देता हूँ। तो ऐसा है, अगर आपको बोर्डरूम के लिए, या कोई वीडियो कॉन्फ्रेंसिंग के रूम के लिए चाहिए, जहाँ लोग कंप्यूटर वाले सिस्टम से बैठकर,
lk_0003_hindi_explain_002|जैसे बात करते हैं, जैसे कैमरा सामने रख लेते हैं और बोलना शुरू कर देते हैं और दूसरी तरफ का आदमी भी कैमरे के सामने बोलता है।
lk_0003_hindi_explain_003|आपको कैमरे के दूसरी तरफ का आदमी दिखता है, उस तरह के रूम, उस तरह के बोर्डरूम के लिए डिस्प्ले चाहिए आपको...
lk_0003_hindi_explain_004|या कोई टचस्क्रीन चाहिए जिस पे आप कोई प्रेजेंटेशन दिखाना चाहें, कोई PPT दिखाना चाहें। तो उस तरह के बोर्डरूम के लिए...
lk_0003_hindi_explain_005|आप हमसे कैमरा ले सकते हैं, हमसे कोई डिस्प्ले साइज़ जो बत्तीस इंच या बयालीस इंच का हो। पर इसमें बात ऐसी है कि आपके रूम की साइज़ क्या है? आपका कितना बड़ा रूम है, कितना छोटा रूम है?
lk_0003_hindi_explain_006|यह बहुत ज़्यादा निर्भर करती है। छोटा रूम है तो छोटी टीवी से काम बन जाएगा आपका।
lk_0003_hindi_explain_007|और यह बात भी है कि वॉरंटी अलग-अलग टीवी की अलग-अलग वॉरंटी है। अलग-अलग टीवी की अपनी डिस्प्ले के साथ अलग-अलग डिस्प्ले ब्राइटनेस लेवल होती है।
lk_0003_hindi_explain_008|और डेली यूज़ेज़ कितने घंटे की है, यह भी आप बता दीजिएगा। कितनी देर आप मीटिंग करते हैं, तो उसके हिसाब से हम आपको प्रोडक्ट सजेस्ट कर देंगे।
lk_0003_hindi_explain_009|सुझाव देंगे, बस चुनना आपका काम है। हम सैमसंग के लिए मदद करते हैं कि उनकी चीज़ें बिकें। हम आपको पूरी सर्विस सैमसंग की देंगे, हम बस उनके शिपिंग, उनके लॉजिस्टिक्स और उनके मार्केट कवरेज बढ़ाने में
lk_0003_hindi_explain_010|पूरी लगन से लगे हुए हैं। छोटी मीटिंग रूम के लिए, 55 इंच या 65 इंच स्क्रीन बहुत ज़्यादा हो जाएगा।
lk_0003_hindi_explain_011|अब क्योंकि मीटिंग के लिए ज़रूरत है आपको, इस वजह से
lk_0003_hindi_explain_012|आप खुद ही इसे मॉनिटर या स्क्रीन कह सकते हैं।
lk_0003_hindi_explain_013|जिससे टीम को काम करने में मन लगे, यह कॉन्फ्रेंस रूम में भी यूज़ हो सकता है।
lk_0003_hindi_explain_014|आपके लिए बेहतरीन होगा यह...
lk_0003_hindi_explain_015|यह आपके लिए बहुत सही फ़ैसला होगा। मेरे ख़्याल से आप एक बार इन्वेस्ट कीजिए, आपको बहुत दूर का, बहुत फ़ायदा मिलेगा इसमें से।
lk_0003_hindi_explain_016|पूरा जोश बना रहेगा टीम का काम करने के लिए। साइनेज के केस में रिक्वायरमेंट थोड़ा अलग होता है, डिस्प्ले को रोज़ बहुत घंटे तक चलना पड़ता है। इसलिए कमर्शियल डिस्प्ले नॉर्मल टीवी से ज़्यादा रिलायबल होता है, तो इसलिए
lk_0003_hindi_explain_017|इसलिए मैं आपको यह बताना चाहूँगा कि आप कमर्शियल डिस्प्ले ही
lk_0003_hindi_explain_018|चूज़ कर सकते हैं, क्योंकि नॉर्मल डिस्प्ले अगर आप तीन-चार घंटे से ज़्यादा चलाएँगे, तो जल्दी ख़राब हो जाएगी।
lk_0003_hindi_explain_019|मेरा सजेशन यह है कि पहले यूज़ेस, यानी किस तरह इस्तेमाल करना है, कैसे इस्तेमाल करना है, किस तरीके से इस्तेमाल करना है—यह सब मैं अगर अच्छी तरह से समझ जाऊँगा,
lk_0003_hindi_explain_020|तो सर मॉडल डिसाइड करने में आसानी होगी और मैं भी आपको, सही उत्पाद यानी प्रोडक्ट रिकमेंड कर पाऊँगा।
lk_0003_hindi_explain_021|इससे आपका पैसा भी बचेगा और फ्यूचर में कोई समस्या भी नहीं होगी। आपको यह नहीं लगेगा कि क्या बकवास है,
lk_0003_hindi_explain_022|क्या फ़ालतू चीज़ ले ली मैंने। मेरे सर्वर की डिटेल्स मिल जाएँगी, शुक्रिया।
lk_0004_expressive_001|Okay, so I'm happy to help let me check and I'll get back to you
lk_0004_expressive_002|hmm I understand your concern please do not worry we'll handle it we'll handle it this option will be more reliable for your use case may I call you back tomorrow if you're if you're okay
lk_0004_expressive_003|sorry very sorry for the delay so thank you very much for your patience
lk_0004_expressive_004|Could you please explain the requirement one more time if you don't mind?
lk_0004_expressive_005|I'll send the quotation so I'll send the quotation but today evening
lk_0004_expressive_006|No problems or no problem. We'll discuss it next week. Have a good day sir. Peace out. Have a beautiful day.
lk_0004_expressive_007|Have a very beautiful day. Have an extremely nice day. Thank you very much. Ta ta, bye bye.
lk_0005_hindi_expressive_001|तो मैं क्या बोल रहा था, बहुत अच्छे सर, बहुत बढ़िया। सब अच्छे-अच्छे अच्छे-अच्छे हैं क्या?
lk_0005_hindi_expressive_002|समझ गए? कई ऐसी जगहें हैं, फिर हमें थोड़ा केयरफुली चेक करना चाहिए। वह...
lk_0005_hindi_expressive_003|कोई बात नहीं सर, आप आराम से देखिए।
lk_0005_hindi_expressive_004|अपना पूरा टाइम लगाइए, पूरा समय लीजिए और उसके बाद वापस आइएगा। हम आपकी सहायता ज़रूर करेंगे, पूरी मदद करेंगे आपकी ताकि आपको सही सामान मिल जाए। हमें और कुछ नहीं चाहिए, ज़िंदगी हमारी सफल हो जाएगी।
lk_0005_hindi_expressive_005|इसी में हैवी यूज़ेज़, भारी यूज़ेज़ के लिए आप नॉर्मल टीवी रिकमेंड नहीं करूँगा मैं क्योंकि, आठ से दस घंटे आपके घर में टीवी नहीं चलती होगी।
lk_0005_hindi_expressive_006|नॉर्मल घर में टीवी आठ से दस घंटे नहीं चलती है। आठ से दस घंटे सिर्फ़ दुकानों में चलती है, जहाँ अपना सामान दिखाना ज़रूरी है।
lk_0005_hindi_expressive_007|लोग आते-जाते रहते हैं तो उनको सामान नहीं दिखेगा तो आपके सामान की बिक्री कैसे होगी फिर? तो ज़्यादा से ज़्यादा ग्राहकों की नज़र पड़ जाएगी उसकी, उनकी मर्ज़ी होती है पर आपके काम की होती है और आपके ज़्यादा सामान बिक जाएँगे।
lk_0005_hindi_expressive_008|तो उनका उद्देश्य यह होता है। शॉर्ट टर्म में काम कर सकते हैं लेकिन लॉन्ग टर्म में प्रॉब्लम आएगी यह आपकी घर वाली टीवी में। क्योंकि मतलब आप समझिए, जिस घर में दो से चार घंटे टीवी चलती है,
lk_0005_hindi_expressive_009|उसको अब दुकान में आठ घंटे चलाएँगे। पहली बात तो चलेगी नहीं और दूसरी बात वह घर के एंगल के लिए सही होती है। घर में बहुत ज़्यादा रोशनी नहीं होती है, आपके दुकान में
lk_0005_hindi_expressive_010|जो लाइट्स हैं, जहाँ चार-पाँच बल्ब लगे हुए हैं, रोशनी ज़्यादा है और दुकान का रिफ्लेक्शन ज़्यादा है, तब यह तो नोटिस में आएगी।
lk_0005_hindi_expressive_011|तो उस तरह की जगह के लिए अलग तरह की डिस्प्ले चाहिए होती है, तो उनके लिए अलग से टीवी है। वो महँगी ज़रूर हैं लेकिन शुरू में बता देना चाहता हूँ कि अगर आप नॉर्मल टीवी लेंगे तो लॉन्ग टर्म में वो रिपेयर पॉसिबल नहीं होगी और एंड ऑफ़ द डे उनका वारंटी भी ख़त्म हो जाएगा।
lk_0005_hindi_expressive_012|कस्टमर फ़ीडबैक में और जानकारी विस्तार के लिए प्रेजेंटेशन या विस्तार से पूरी चीज़ें, हमारे पास बहुत बड़ी 55 इंच और 65 इंच की डिस्प्ले हैं, जो शुरुआत में ही मैं आपको इसका पूरा डायग्राम दिखाऊँगा।
lk_0005_hindi_expressive_013|आपके रूम के साइज़ के ऊपर है। जैसे एक उदाहरण के तौर पर, छह से सात इंच से ज़्यादा आपके बैठने की जगह और वह टीवी है, जैसे मान लीजिए कि आप अपनी टीवी से छह से सात
lk_0005_hindi_expressive_014|फीट की दूरी पर बैठते हैं,
lk_0005_hindi_expressive_015|तो 55 इंच के साथ भी जा सकते हैं। पर आपका दिल बड़ा होना चाहिए और आपकी जेब भी थोड़ी ज़्यादा ख़र्च होगी, तो यह सब आपको देखना पड़ेगा। मैं डिटेल्स आपके पास भेज दूँगा, आपको कोई चिंता करने की ज़रूरत नहीं है। आप जब भी फ्री हों,
lk_0005_hindi_expressive_016|तब देखिएगा, कोई हड़बड़ी नहीं है हमें।
lk_0006_bhojpuri_gags_001|जैसे लोगन के लागल बा, मारतानी ना, ओही तरे बाउचर आई और दे दनादन दे दनादन दे दनादन दे दनादन टिटी।
lk_0006_bhojpuri_gags_002|सामान का कहियो, ख़राब सामान भी तबहीं तबहीं तबहीं तोहरा फोन के कैमरा...
lk_0006_bhojpuri_gags_005|ताकि ओने मैडम मिलुस और सब केहू ख़ूब पूछताछ कर रहल बा और ज़्यादा-ज़्यादा बात आगे बढ़ रहल बा, एह बार बात पक्का हो जाई, ले लीहीं।
lk_0007_intro_001|Hello, my name is Lokesh Kumar and I'm dialling you from Yexis Electronics. We are a very known regional distributor.
lk_0007_intro_002|For Samsung products from Samsung from Chennai and we also Distribute commercial displays signage boards video walls and monitors
lk_0007_intro_003|in some other products are televisions and some air conditioning solutions which includes HVAC and
lk_0007_intro_004|and signage ports which I mentioned earlier and a few other commercial products as well with samsung mix we are
lk_0007_intro_005|Like Whatever saying I mean to say is this a good time to speak with you and this will take hardly more hardly a minute
lk_0007_intro_006|I'll keep it very brief so I just want to make you understand whether you have any current or future requirements for displays, signage, video walls or professional monitors are currently
lk_0007_intro_007|Are you currently using some Samsung products in your office your factory or your business place or do you need one?
lk_0007_intro_008|So if you don't need anything no problem at all, that's completely understandable I'm fine with it
lk_0007_intro_009|Okay, so I can send you a short profile of our company on any of the communication channels you like
lk_0007_intro_010|we prefer whatsapp or email whatsapp keep us in sync let's it lets it connect
lk_0007_intro_011|easily and keeps our life easier, the communication is very clear, email is also fine.
lk_0007_intro_012|If you prefer a business look of it, if you want it to be professional, we can also
lk_0007_intro_013|meet
lk_0007_intro_014|We prefer meeting in person at your place to understanding and to understand your requirements. Let's be very clear that
lk_0007_intro_015|We use your email address and the WhatsApp details to
lk_0007_intro_016|give you products to communicate with you and not do anything else which you hopefully understand so that's great thanks for the time and I really appreciate it
lk_0007_intro_017|Hope you have a great day peace out Okay, so let's do some natural questions which appear in our minds Manoa
lk_0007_intro_018|Who handles purchase decisions in your company? Is there a separate IT team for monitors, for display?
lk_0007_intro_019|for keyboards and the whole
lk_0007_intro_020|work what is it called workstation setup I believe that is what it is called but anyways could you please connect me with the concerned peace person or if you don't mind can you share the name and the content
lk_0007_intro_021|contact details that would be of great help. If I'm not calling to disturb you
lk_0007_intro_022|I only want to share the right information with the right person and not waste anyone else time.
lk_0007_intro_023|If you need televisions for conference rooms, for meeting rooms, for reception areas.
lk_0007_intro_024|For like what is that called video conferencing kind of stuff we can make everything we also have our partners
lk_0007_intro_025|For video conferencing like Jabra, Harman and Kardon, who are Ra, who I believe are the parents?
lk_0007_intro_026|of Samsung maybe they are parent concern or sister concern of Samsung as a company
lk_0008_tamil_intro_001|வணக்கம் சார், வணக்கம். நீங்கள் எப்படி இருக்கிறீர்கள்? நல்லா இருக்கிறீர்கள் என்று நம்புகிறேன்.
lk_0008_tamil_intro_002|என் பெயர் லோகேஷ். நான் எஸ்.எஸ். எலக்ட்ரானிக்ஸ்லிருந்து பேசுகிறேன். நாங்க
lk_0008_tamil_intro_003|சாம்சங் ப்ராடக்ட்ஸ்க்கு ரீஜனல் டிஸ்ட்ரிபியூட்டர். இப்போது நாங்கள் உங்களிடம் ஒரு நிமிடம் பேசலாமா? உங்களுக்கு கொஞ்சம் டைம் இருக்குமா?
lk_0008_tamil_intro_004|நீங்கள் மிகவும் பிஸியாக இருக்கிறீர்கள் என்று தெரியும். எனக்கு ஒரு இரண்டு நிமிடம் மட்டும் தருவீர்களா?
lk_0008_tamil_intro_005|நான் என்னுடைய விஷயத்தை முடித்துவிடுகிறேன். உங்களுக்குத் தேவை என்றால் நாம் மேலே தொடரலாம், இல்லை என்றால் விட்டுவிடலாம். உங்களுடைய ஆபீஸ், கம்பெனி அல்லது நீங்கள் எங்கே வேலை செய்கிறீர்கள், நீங்கள் ஏதாவது கம்பெனி வைத்திருக்கிறீர்களோ, அதில் டிஸ்ப்ளே,
lk_0008_tamil_intro_006|சைன்போர்டு, வீடியோ வால் போன்றவற்றை நீங்கள் கண்டிப்பாகப் பயன்படுத்திக்கொண்டிருப்பீர்கள் என்று நான் நம்புகிறேன்.
lk_0008_tamil_intro_007|மானிட்டர் எல்லாம் நீங்கள் கண்டிப்பாக யூஸ் பண்ணுவீங்க. ஏன்னென்றால், நீங்கள் பண்ணித்தான் ஆக வேண்டும். இந்த காலத்தில் டிவி, ஏசி எல்லாம் உங்களுக்குத் தேவைதான். ஏன்னென்றால், சென்னையில் அடிக்கிற வெயிலில் நீங்கள் ஏசியை யூஸ் பண்ணினால்தான் வேலை செய்ய முடியும்; இல்லை என்றால் நிம்மதி இருக்காது, நிம்மதி இல்லாமல் வேலை நடக்காது.
lk_0008_tamil_intro_008|அதைப்பற்றி மிகவும் பேசி உங்கள் நேரத்தை வீணடிக்க மாட்டேன்.
lk_0008_tamil_intro_009|உங்களுக்கு ஏதாவது தேவை இருந்தால் நீங்கள் கண்டிப்பாகக் கூறுங்கள். நாங்கள் உங்களுக்கு உதவி செய்கிறோம்.
lk_0008_tamil_intro_010|எங்கள் கம்பெனியின் டீடைல்ஸ் எல்லாம் உங்களுக்கு வாட்ஸ்அப்பில் அனுப்புகிறேன், உங்களுக்கு அனுப்பி வைக்கிறேன். என்னிடம் வாட்ஸ்அப் இருக்கிறது, உங்களுக்கு கரெக்டாக அனுப்புகிறேன். இது நன்றாக இருக்கும். இதுதான் உங்கள் வாட்ஸ்அப் நம்பரா, இல்லை உங்களுக்கு வாட்ஸ்அப் வேறு நம்பரில் இருக்கிறதா?
lk_0008_tamil_intro_011|இல்லை உங்களுடைய வேறு நம்பருக்கு வாட்ஸ்அப்பில் வேண்டுமா, நீங்கள் எதாக இருந்தாலும் சொல்லுங்க. வேறு நம்பராக இருந்தால் அதை கண்டிபாகச் சொல்லுங்க, நான் கண்டிப்பாக உங்களுக்கு அனுப்பி வைக்கிறேன்.
lk_0008_tamil_intro_012|மிகவும் நன்றி சார், உங்களுக்கு மிக்க நன்றி.
lk_0009_hindi_intro_001|नमस्कार, शुभ सवेरा। कैसे हैं आप सर? मैं लोकेश बात कर रहा हूँ एस.एस. इलेक्ट्रॉनिक्स से।
lk_0009_hindi_intro_002|और सब कैसा चल रहा है आपका? मैं सैमसंग का रीजनल डिस्ट्रीब्यूटर हूँ।
lk_0009_hindi_intro_003|रीजनल डिस्ट्रीब्यूटर हूँ सैमसंग का। क्या अभी आपसे एक मिनट बात हो सकती है? इस बारे में थोड़ी चर्चा कर सकते हैं आप?
lk_0009_hindi_intro_004|मैं आपका ज़्यादा समय तो नहीं लूँगा, बस एक से दो मिनट। अगर आपको ज़रूरत होगी तो आगे बढ़ेंगे।
lk_0009_hindi_intro_005|नहीं तो कोई बात नहीं, आप अपने धंधे पर ध्यान दीजिए। मैं बस समझना चाहता हूँ कि
lk_0009_hindi_intro_006|आपके ऑफिस या कंपनी या कोई फैक्ट्री में किसी डिस्प्ले, कोई साइनेज बोर्ड या कोई वीडियो वॉल,
lk_0009_hindi_intro_007|या कोई मॉनिटर तो यूज़ करते होंगे? या आपको गर्मी लगती होगी तो आपको एसी की ज़रूरत पड़ती होगी। अगर आपको ऐसी कोई ज़रूरत है,
lk_0009_hindi_intro_008|ऐसी कोई ज़रूरत है, कोई रिक्वायरमेंट है, तो बताएँ, हम आपकी पूरी सहायता करेंगे।
lk_0009_hindi_intro_009|आपकी ज़रूरत को पूरा करने के लिए मैं आपको अपनी कंपनी प्रोफाइल भेज देता हूँ व्हाट्सएप में,
lk_0009_hindi_intro_010|या ईमेल में, जो भी आप ठीक समझें। आप अपना ईमेल आईडी बता दीजिए, हम भेज देंगे।
lk_0009_hindi_intro_011|आप मुझे अपनी ईमेल आईडी बता दीजिए। शुक्रिया सर, धन्यवाद। आपका दिन शुभ हो, खुदा हाफ़िज़, शुक्रिया।
lk_0010_bhojpuri_intro_001|नमस्ते सर, गुड मॉर्निंग। रउआ का हाल बा? रउआ कैसन बानी? हमार नाम लोकेश बा।
lk_0010_bhojpuri_intro_002|और हम बानी, हमार नाम लोकेश पड़ी।
lk_0010_bhojpuri_intro_003|और हम एस.एस. इलेक्ट्रॉनिक्स से बात करत बानी।
lk_0010_bhojpuri_intro_004|हमनी के सैमसंग प्रोडक्ट्स के रीजनल डिस्ट्रीब्यूटर बानी।
lk_0010_bhojpuri_intro_005|रउआ से...
lk_0010_bhojpuri_intro_006|बात कर सकत बानी? बस एक मिनट टाइम लेवे के चाहत बानी।
lk_0010_bhojpuri_intro_007|हम रउआ से ज़्यादा समय ना लेब, रउआ चिंता ना करीं।
lk_0010_bhojpuri_intro_008|पर इसमें बात...
lk_0010_bhojpuri_intro_009|अभी रउआ से एक मिनट बात कर सकत बानी? और यह 'सकती बानी' का क्या मतलब होता है? 'सकती बानी'...
lk_0010_bhojpuri_intro_010|आप लोगों से एक मिनट... आपसे... रउआ से एक मिनट बात...
lk_0010_bhojpuri_intro_011|बात कर सकत बानी, ये कितना अजीब लगता है।
lk_0010_bhojpuri_intro_012|वहाँ सब केहू को भोजपुरी आता है।
lk_0010_bhojpuri_intro_013|तो अगर ज़रूरत होई, तब ही आगे बढ़ब, नाहीं त आगे ना बढ़ब।
lk_0010_bhojpuri_intro_014|अब इसका क्या मतलब है कि, हम बस ये जाने के चाहत बानी कि,
lk_0010_bhojpuri_intro_015|रउआ के ऑफिसवा या फैक्ट्री में डिस्प्ले चाहीं कि साइन बोर्ड, वीडियो वॉल, मॉनिटर, टीवी, एसी?
lk_0010_bhojpuri_intro_016|कोई ज़रूरत बा कि नाहीं? यही तो बोले कंपनी में।
lk_0010_bhojpuri_intro_017|टीवी के... एसी के...
lk_0010_bhojpuri_intro_018|व्यवस्था का करेंगे, सब प्रबंध करेंगे, व्यवस्था करेंगे।
lk_0010_bhojpuri_intro_019|अगर ज़रूरत होई...
lk_0010_bhojpuri_intro_020|व्यवस्था खोजत बानी।
lk_0010_bhojpuri_intro_021|अगर अभी एह रिक्वायरमेंट के ज़रूरत नइखे, अगर अगर अगर अगर अगर अगर ई ज़रूरत नइखे!
lk_0010_bhojpuri_intro_022|तो कोई बात ना बा, तब बतावल जाई।
lk_0010_bhojpuri_intro_023|हाँ।
lk_0010_bhojpuri_intro_024|आ ई बहुत ज़रूरी बात बा कि ईहे बानी कि दूसरा भी बानी, कभी-कभी दूसरा भी बानी।
lk_0010_bhojpuri_intro_025|और केकरा में एक्टिव ज़्यादा रहत बानी, ई बहुत सोचे के बात बा।
lk_0010_bhojpuri_intro_027|अरे भाई!
lk_0010_bhojpuri_intro_028|कंपनी...
lk_0010_bhojpuri_intro_029|भोजपुरी में तो हम मज़ा खातिर कर रहल बानी।
lk_0010_bhojpuri_intro_030|लोगन के पास दस रुपया पान खाए के नइखे, लेकिन भोजपुरी में बात करी, मज़ा आई।
lk_0010_bhojpuri_intro_031|और हम से यार...
lk_0010_bhojpuri_intro_032|जब कोई गाली देत बा या कुछ अइसन बोलत बा, तबहीं तो लागत बा कि ऊ फील आइल कि...
lk_0010_bhojpuri_intro_033|रउआ थी थी... वोकल।
lk_0011_natural_001|Okay, let's give it another chance. So is there a need for any televisions for conference rooms for meeting rooms or for any reception area purpose? If you're looking for something really normal
lk_0011_natural_002|like consumer electronics, like televisions which we use in shops
lk_0011_natural_003|And display areas also do require some professional commercial displays
lk_0011_natural_004|If you require anything do let us know it would be a great help The main difference is the usage time the warranty brightness and reliability
lk_0011_natural_005|The warranty comes we take care of the warranty we only do
lk_0011_natural_006|We only do service management
lk_0011_natural_007|what is it called I just don't remember but anything the brightness well speaking of brightness it really matters
lk_0011_natural_008|when you are displaying something, when you're displaying an advertisement in the
lk_0011_natural_009|on the shop and the reliability comes to us because we take care of shipping and logistics and we deliver after seal service as well, we take care of that.
lk_0011_natural_010|We are completely answerable of the after-sale service which I provide, that's extremely important to us.
lk_0011_natural_011|It's not just about the orders, the purchase value and the quantity of customers we would like to have, we would love to have basically a good quality of customers who use our products so we use regular feedback.
lk_0011_natural_012|back who who just pat our backs and scold us as well when we are at our extremely
lk_0011_natural_013|bad position and don't provide service, the scolders, the have a lift as does and
lk_0011_natural_014|do anything because we are responsible, we are answerable to the questions.
lk_0011_natural_015|and if the screen will be used for many hours every day
lk_0011_natural_016|for roughly you can see 8 to 10 hours a day because at malls the displays usually run for a round
lk_0011_natural_017|ETAs and maybe more than that commercial displays usually shine there But if it is only for simple viewing and normal television may be enough
lk_0011_natural_018|He can suggest the right model based on your room size, viewing distance and budget.
lk_0011_natural_019|And for that, we will need to visit for a very personalized experience. A visit is essential and...
lk_0011_natural_020|I would love to know your timings and your availability on the same
lk_0011_natural_021|would you like me to send me a few options on any of the channels the communication channel it's like WhatsApp I can
lk_0012_number_001|okay hello hello hello let's not talk about some numbers some names and some products so some model numbers might be QB43C
lk_0012_number_002|So the screen size available are 43 inches 50 55 inches 65 inches
lk_0012_number_003|75 inches, 85 inches, 80 inches, and 105 inches, and it may go.
lk_0012_number_004|On and on so the price depends on the quality you get the type of display
lk_0012_number_005|And we also warranty you and give you some extended warranty as well because
lk_0012_number_006|That's extremely important and after-sales service is essential and the installation also cost us some money because we need to cover insurance and assure our engineers.
lk_0012_number_007|So that's critically essential for us. So this is our office number. It's 0404
lk_0012_number_008|48562812 and you can dial me on my mobile number It's 98
lk_0012_number_009|four zero zero five eight eight two two and there's another number it's eight one four eight
lk_0012_number_010|970345
lk_0012_number_011|Yeah, please send me the requirement to sales at the Yexis electronics dot-in and also
lk_0012_number_012|Share me the details at seals at yexiselectronics.in
lk_0012_number_013|You can also share me the email that your requirements Okay
lk_0012_number_014|okay let's go on so yeah I was saying Aswini at yexiselectronics.com okay so the quotation includes the product calls GSD delivery and installation charges and
lk_0012_number_015|And if the site is outside Chennai and outside are speculated geographical locations the logistics may be called calculated separately and it may not include as free home delivery or free
lk_0012_number_016|to say so and yes I would like to verify the billing name shipping address and GST number which I got from the internet and also the contact details and the person's name
lk_0012_number_017|whom I am contacting. Okay, so let's please share the building name, the shipping address, the GST number and contact person details. Once I receive the details, I'll prepare the quotation and send it to you.
lk_0012_number_018|as soon as possible, that's good. Okay, so let's get going, where were we? Yes, we were at the email ID.
lk_0012_number_019|And yes, long-natured paragraphs, yes.
lk_0013_paragraph_001|okay so now the turn is for longer natural paragraphs so basically this is like the explanation part which consumes a lot of time on calls
lk_0013_paragraph_002|Let's get going. Let me explain this simply if you need a display for a boardroom.
lk_0013_paragraph_003|The main things to consider are screen size, brightness,
lk_0013_paragraph_004|connectivity and how many hours the display will run each day basically how many hours you meet
lk_0013_paragraph_005|and you sit for meeting and don't work for a small meeting room a 55 inch or 65 inch screen maybe enough
lk_0013_paragraph_006|For a larger conference room you may need 75 inch or 85 inch depending on the viewing distance
lk_0013_paragraph_007|of a signage, the requirement is different.
lk_0013_paragraph_008|The display may have to run for 10 to 16 hours a day, sometimes even longer. In that case, commercial displays are better than normal televisions, because they are designed for longer use, better heat handling and business environment.
lk_0013_paragraph_009|business environment, business environments, business environments.
lk_0013_paragraph_010|I'm not saying you must buy the most expensive model. I'm saying we should choose the right model for the right usage.
lk_0013_paragraph_011|In that way, you do not overspend and you also do not face problems neater.
lk_0013_paragraph_012|and you are covered in our warranty plans.
lk_0013_paragraph_013|let's move on to some conversational sales which we usually do okay so hello everyone hello sir
lk_0013_paragraph_014|Hello, so this is Aswini.
lk_0013_paragraph_015|Hello, so this is Aswini and I spoke with you last week regarding Samsung display requirements I just wanted to check whether you've had a chance to look at the details I shared with you on WhatsApp
lk_0013_paragraph_016|or on email so if not there's no hurry so I'm following up so that I do not miss your requirements
lk_0013_paragraph_017|So, is the requirement still open from your end or has it been postponed or it has been fulfilled by some other vendor?
lk_0013_paragraph_018|Do let me know, it gives me a clarity for the month's target and focus on potential customers.
lk_0013_paragraph_019|If it is postponed I can follow up next month, no worries at all and if you need advice quotation I can prepare it by
lk_0013_paragraph_020|Today hopefully by the end of the day
lk_0013_paragraph_021|If the price is the concern, please let me know the target budget. I'll check what best can be done and We can assure you
lk_0013_paragraph_022|We'll do our best. Thank you very much and I'll wait for your confirmation Have a good day. Peace out. So
lk_0014_tamil_paragraph_001|சிம்பிளாகச் சொல்லுகிறேன் ஐயா. சிம்பிளாக எக்ஸ்பிளைன் செய்கிறேன் உங்களுக்கு.
lk_0014_tamil_paragraph_002|பொருளுக்கு டீடைல்ஸ் எல்லாம் பார்த்துக்கொள்ள வேண்டும். வணக்கம், நீங்கள் கவலைப்படாமல் சொல்லுங்கள்.
lk_0014_tamil_paragraph_003|நாங்கள் ஒரு டிவி ரெகமெண்ட் செய்கிறோம். உங்களுக்கு முடிந்தால், உங்களுடைய மீட்டிங் ரூமிற்கு 55 இன்ச் அல்லது 65 இன்ச், இதுவே போதும்.
lk_0014_tamil_paragraph_004|நீங்கள் பெரிய கான்பரன்ஸ் ஹாலில் மாற்றிக் கொள்ளலாம்.
lk_0014_tamil_paragraph_005|சைனேஜ் உங்களுக்குத் தேவை என்றால் சொல்லுங்கள். டிவியை விட அது மிகவும் வித்தியாசம். மிக நீண்ட நேரம் நீங்கள் அந்த டிஸ்ப்ளேவைப் பார்க்கலாம், 8 மணியிலிருந்து 10 மணி நேரம் வரைக்கும்.
lk_0014_tamil_paragraph_006|இது கமர்ஷியல் டிஸ்ப்ளே. இது யூஸ் பண்ணினால் ரிலையபிலிட்டி பெட்டராக இருக்கும். நான் காஸ்ட்லி மாடல் தான் வாங்க வேண்டும் என்று சொல்லவில்லை.
lk_0014_tamil_paragraph_007|யூசேஜிற்கு ஏற்ற கரெக்ட் மாடல் யூஸ் பண்ணச் சொல்கிறேன்.
lk_0014_tamil_paragraph_008|அப்படிப் பண்ணினால் பட்ஜெட் வேஸ்ட் ஆகாது, உங்கள் காசு வீணாகப் போகாது. எதிர்காலத்தில் பிரச்சினைகளும் கம்மியாக இருக்கும்.
lk_0014_tamil_paragraph_009|அதைத்தான் கூறுகிறேன், வேறு ஏதாவது டீடைல்ஸ் உங்களுக்கு வேண்டும் என்றால் கேளுங்கள். வாழ்க வளமுடன்.
lk_0015_hindi_purchase_001|अच्छा, तो परचेज़ डिसीजन कौन हैंडल करता है?
lk_0015_hindi_purchase_002|और यह आईटी टीम अलग है या एडमिन टीम की ही रिक्वायरमेंट देखती है? मेरा कहने का मतलब है, आईटी टीम की कोई ज़रूरत होगी, कोई मॉनिटर चाहिए होगा, कोई पीसी बनवाना चाहिए होगा—
lk_0015_hindi_purchase_003|ये सब जो ज़रूरतें हैं, वो आप खुद से देखते हैं?
lk_0015_hindi_purchase_004|या अपनी ज़रूरत किसी और को शेयर करते हैं? या यह चीज़ अपनी खुद लिस्ट बना के देते हैं कि यह-यह चीज़ की ज़रूरत है और यह-यह चीज़ हमें चाहिए?
lk_0015_hindi_purchase_005|तो ये एडमिन को देते हैं? क्या आईटी टीम अपने से ही कुछ संभाल लेती है? उनके मैनेजर होंगे, या उनके कोई रिप्रेजेंटेटिव होंगे, अगर उनसे बात करने का मौका मिल जाए, तो प्रसन्नता होगी।
lk_0015_hindi_purchase_006|मैं सिर्फ, मैं सिर्फ डिटेल शेयर करना चाहता हूँ, ताकि जब भी रिक्वायरमेंट आए, तो आपके पास जानकारी हो।
lk_0015_hindi_purchase_007|आपको तुरंत सेवाएँ मिलेंगी, आपको नई-नवेली टीवी मिलेगी।
lk_0015_hindi_purchase_008|आपको, आपको अपनी कंपनी के बारे में प्रचार करना हो—
lk_0015_hindi_purchase_009|तो आप हमें... हमें जो सही जगह होगी।
lk_0015_hindi_purchase_010|अगर आपकी स्क्रीन बहुत ज़्यादा घंटों तक चलती है, आप डिस्प्ले चलाते हो, तो कमर्शियल डिस्प्ले बेसिकली लीजिए।
lk_0015_hindi_purchase_011|जैसे कि समझिए कि रिसेप्शन के पीछे आपकी कोई कमर्शियल स्क्रीन चलती हो जिसमें आप अपने—
lk_0015_hindi_purchase_012|चीज़ों के बारे में, अपने प्रोडक्ट्स, अपने सॉफ्टवेयर के बारे में और ज़्यादा, और ज़्यादा विस्तार से बताना चाहते हैं।
lk_0015_hindi_purchase_013|चित्रण करना चाहते हैं। बेसिकली बोलना तो हर कोई बोलता है, लेकिन हर कोई सुन नहीं पाता है, क्योंकि आजकल आदत हो गई है कि तीस सेकंड से ज़्यादा लोग टिकते नहीं हैं।
lk_0015_hindi_purchase_014|तो ये कुछ कठिनाइयाँ हैं, इसमें हम आपकी सहायता करेंगे, मदद करेंगे कि ये कठिनाइयाँ आप ज़रूर पार करेंगे। चलिए, शुक्रिया।
lk_0016_start_001|I hope it is working. So let's get started. So now the thing is I need to make this more practical and more usable. So now I'm doing a recording script for some voice cloning process and text-to-speech work.
lk_0016_start_002|So the cool is like to record a very clean a very expressive and single speaker audio voice cloning text-to-speech and possibly some fine tuning models
lk_0016_start_003|So, I am recording this as a separate file, not a long file, using the same mic, using on the same room and setting in the same position for...
lk_0016_start_004|nearly more than 700 trees if I'm not wrong and obviously the distance will be the same because it's Jabra
lk_0016_start_005|I believe the headphone is Jabra BIZ2300 USB MS microphone.
lk_0016_start_006|so well it is advised the best format would be WAV it would be mono would be great and the frequency should be around 44.1 kilohertz or 48 kilohertz
lk_0016_start_007|and the bitrate will be around 16 bits or 24 bits in memory.
lk_0016_start_008|And some of the high-quality acceptable recording format would be M4A I believe that is
lk_0016_start_009|are recorded from phones, mobile phones and also some high-quality mp3 players are also acceptable. These are not advised.
lk_0016_start_010|Not recommended, but these are acceptable later. We can convert these things and The things which we need to be avoided are like some voice notes from any communication channels like WhatsApp
lk_0016_start_011|Like Delegram or any other thing any screen recording voice or some low-bit trade MPG audio formats
lk_0016_start_012|and audio recorded with a lot of disturbance a lot of noise such as fans running in the background traffic honking
lk_0016_start_013|echoes of your own voice maybe because of the room is so small and some music running in the background you might be at a party
lk_0016_start_014|and also doing some work multitasking is just not a great thing to do so the recording
lk_0016_start_015|only gives us m4a use it and we'll convert it to mwap later
lk_0016_start_016|So the clean recording matters more than what rubbish you speak. It really doesn't matter So yeah, here the challenges are you need to be natural
lk_0016_start_017|You need to be small pause I mean small pause you need to speak in your random and your
lk_0016_start_018|Own language at your own speed you need to be really calm the questions need to be really clear and You need to emphasize
lk_0016_start_019|everything politely and have concerns where concerns are shown and you need to confident the voice needs to be really confident because you're going to pitch some exciting features
lk_0016_start_020|So you need to be exceptionally confident on your talk and a smile is always
lk_0016_start_021|looks exemplary and things which I need to avoid these are critically essential.
lk_0016_start_022|You don't need to act too much. That's not necessary. And...
lk_0016_start_023|This is just a recording. There's no need to shout. I don't need to talk too slow or whisper around.
lk_0016_start_024|and I mean fake a lot of drama in your in your surroundings and make a lot of buzz that that's not gonna work
lk_0016_start_025|the monotone reading will also not make you a I mean do any help to your job and don't just rush it
lk_0016_start_026|just just be in peace when you are set you need to be warm
lk_0016_start_027|actually smile slightly while speaking when it says concerned you need to be a little slow down
lk_0016_start_028|Normally a paste and it says clear split cleanly and evenly and what do you mean by evenly?
lk_0016_start_029|Which I don't have any idea about it, but whatever. Let's just go ahead so the plan for the session is We need roughly around 25 minutes of English voice recording
lk_0016_start_030|Around 15 minutes each of Tamil and Hindi voice recording
lk_0016_start_031|some fun poach puri recordings for around 10-15 minutes will be great and
lk_0016_start_032|some mix a mix of English and English and Some other rich which I don't have any idea about
lk_0016_start_033|That would make a real sense. And...
lk_0016_start_034|don't record in bulk at around 70, 80, 90, an hour or so, take pause, take a deep breath, record in different languages so that
lk_0016_start_035|The job keeps you excited and yeah, before going for it, just start fresh.
lk_0016_start_036|Don't sleep don't eat and sleep. Yeah, these are the essentials So, yeah, let's get going
lk_0016_start_037|So hello, good morning. I hope you're doing well today. This is Luke and I'm calling you from Yexis electronics. Hope you are doing well
lk_0016_start_038|We are regional distributors for Samsung products including commercial displays, signage boards, video walls, monitors, televisions and some air-conditioner solutions. We have all our commercial stuff which
lk_0016_start_039|are used by businesses, the HVAC systems and what not, we sell everything.
lk_0017_hindi_starting_001|उम्मीद करता हूँ कि आप कुशल मंगल होंगे। नमस्कार, आप कैसे हैं?
lk_0018_variation_001|Okay, okay, so as I said for simple viewing a normal television may be enough, but if you're looking
lk_0018_variation_002|I would suggest you the right model based on the room size viewing distance and the budget. We'd love to send you a few options on your whatsapp.
lk_0018_variation_003|If you if you're fine sharing a few details like your whatsapp number
lk_0018_variation_004|So that we can give you some options. Do have a look at it, discuss with the team and do let us know.
lk_0018_variation_005|We will go ahead if you are interested in negotiations and also in quotations to get the deal done.
lk_0018_variation_006|Okay, so that's a good deal. Oh, I see
lk_0018_variation_007|I do not know that. Oh, I understand. In that case, we should not rush the decision.
lk_0018_variation_008|Let me check. Let me check the requirement properly and then suggest the right product.
lk_0018_variation_009|For that, I would like a person from us or from our team to visit you personally at your office place or wherever you are trying to install it, install the products. So, to give you a personalized design.
lk_0018_variation_010|decision, the personalized product recommendation, according to our knowledge and our understanding in the industry, our understanding in the industry, okay, so that's clean.
lk_0018_variation_011|Oh, no worries. No worries. We'll wait until you are ready. There's no hurry. We'll wait
lk_0018_variation_012|I would not recommend that model for heavy commercial purpose because it is for home use and in homes we mostly
lk_0018_variation_013|use our televisions roughly four to five hours at peak times in the night, at prime times in the night, to have a...
lk_0018_variation_014|Prime to have a go at our prime ministers, so let's not get political there
lk_0018_variation_015|but that's fine. It may work for a short time but it may not be reliable for a long run because it's a commercial TV
lk_0018_variation_016|not it's a
lk_0018_variation_017|Personal use TV. It's a TV which we use for our personal use for home purpose and not a commercial
lk_0018_variation_018|commercial viable display because commercial displays are easily run for around 8 to 10 hours because they need to
lk_0018_variation_019|We need to sell our products as well, so that's essential.
lk_0018_variation_020|If you can share the approximate size of the room, because keep in mind size of the room is really essential to suggest the right scene size.
lk_0018_variation_021|You do not have to decide immediately. That's okay. You don't need to decide immediately take your time
lk_0018_variation_022|I'll send you the details by any chance, if you...
lk_0018_variation_023|If you are comfortable, I can share you some details and reviews, and you can review them cross-verify whenever you are free.
