audio_file|text
E:\something_new\audio\aswini_clips\aswini_0000.wav|Hello? Hello, good evening, sir. Ms. Amarnath, sir.
E:\something_new\audio\aswini_clips\aswini_0001.wav|So this is Ashwini sir calling from XS Electronics.
E:\something_new\audio\aswini_clips\aswini_0002.wav|Sir, a very good evening. Is this Mr. Anupmanan?
E:\something_new\audio\aswini_clips\aswini_0003.wav|Hello, good morning sir.
E:\something_new\audio\aswini_clips\aswini_0004.wav|Sir, this is Ashwini sir calling from XS Electronics. Madam, you call me after some time.
E:\something_new\audio\aswini_clips\aswini_0005.wav|Hello, sir, very good morning. Is this Mr. Badri, sir?
E:\something_new\audio\aswini_clips\aswini_0006.wav|Sir Ashwin is calling from XS Electronics.
E:\something_new\audio\aswini_clips\aswini_0007.wav|regional distributors of Tamsung.
E:\something_new\audio\aswini_clips\aswini_0008.wav|Pardon, Regional? Regional distributors of Samsung sir, Samsung.
E:\something_new\audio\aswini_clips\aswini_0009.wav|Is this right time to speak with you, sir? Yes, yes, yes.
E:\something_new\audio\aswini_clips\aswini_0010.wav|Yes sir, earlier Mr. Manikandan sir have met you at your office. No, I already discussed with him.
E:\something_new\audio\aswini_clips\aswini_0011.wav|Is there any requirement now or in the future for the...
E:\something_new\audio\aswini_clips\aswini_0012.wav|and Samsung displays, signage boards.
E:\something_new\audio\aswini_clips\aswini_0013.wav|Okay, sir. Actually, it's just a courtesy call.
E:\something_new\audio\aswini_clips\aswini_0014.wav|So I would like to send in a brief about the companies.
E:\something_new\audio\aswini_clips\aswini_0015.wav|I'll just send you a brief about it in WhatsApp. Please do send me your email id sir.
E:\something_new\audio\aswini_clips\aswini_0016.wav|Thank you, sir. Thank you for your time.
E:\something_new\audio\aswini_clips\aswini_0017.wav|So very good evening. Is this Bindu Chakravarti?
E:\something_new\audio\aswini_clips\aswini_0018.wav|yeah okay sure sir we will do okay sir thank you sir thank you
E:\something_new\audio\aswini_clips\aswini_0019.wav|Good evening, ma'am. Ashwini here.
E:\something_new\audio\aswini_clips\aswini_0020.wav|Madam today, I have sent you final bests price. Yes, take a look at it madam.
E:\something_new\audio\aswini_clips\aswini_0021.wav|Okay, ma'am. Okay, ma'am. Sure, ma'am. Thank you, ma'am.
E:\something_new\audio\aswini_clips\aswini_0022.wav|Hello, good evening, sir. Mr. Franklin, sir.
E:\something_new\audio\aswini_clips\aswini_0023.wav|Sure sir. Sir, who is the contact in the Purchase Department? Kalli.
E:\something_new\audio\aswini_clips\aswini_0024.wav|Okay, sir, I'll talk to her. Thank you. Thank you.
E:\something_new\audio\aswini_clips\aswini_0025.wav|before 2-3 months, sir. For Samsung, sir.
E:\something_new\audio\aswini_clips\aswini_0026.wav|So far nothing. If there is anything else, I'll get back to you.
E:\something_new\audio\aswini_clips\aswini_0027.wav|I am Ashwini from XS Electronics
E:\something_new\audio\aswini_clips\aswini_0028.wav|So earlier Mr. Manikandan sir would have met you. You would have given him orders.
E:\something_new\audio\aswini_clips\aswini_0029.wav|I guess to follow that mum made a requirement or type of
E:\something_new\audio\aswini_clips\aswini_0030.wav|Ok Mom, I will let him know when I know that it won´t hurt.
E:\something_new\audio\aswini_clips\aswini_0031.wav|Do you want normal or this? Normal
E:\something_new\audio\aswini_clips\aswini_0032.wav|Okay, thank you.
E:\something_new\audio\aswini_clips\aswini_0033.wav|Hello, good morning, ma'am. Krishnamini ma'am.
E:\something_new\audio\aswini_clips\aswini_0034.wav|I am Ashwini Peslammam from XS Electronics.
E:\something_new\audio\aswini_clips\aswini_0035.wav|So, before four days, you asked me to share a quotation for Samsung TV.
E:\something_new\audio\aswini_clips\aswini_0036.wav|I will share the quotation in WhatsApp. Okay, I will check and give you.
E:\something_new\audio\aswini_clips\aswini_0037.wav|Yes, Swamiji. Just email it to me. I will share it in WhatsApp. I will share the official email.
E:\something_new\audio\aswini_clips\aswini_0038.wav|Okay. Thank you.
E:\something_new\audio\aswini_clips\aswini_0039.wav|Exactly, actually we have no control. We don't recommend it. You can buy it from Samsung.
E:\something_new\audio\aswini_clips\aswini_0040.wav|It is a personal choice of the...
E:\something_new\audio\aswini_clips\aswini_0041.wav|So, we are brand new, Salman is brand new to it.
E:\something_new\audio\aswini_clips\aswini_0042.wav|It is the choice of the employees.
E:\something_new\audio\aswini_clips\aswini_0043.wav|people to say put kiosks here and say market their products.
E:\something_new\audio\aswini_clips\aswini_0044.wav|Even for cars also we are not doing it. I'll just check.
E:\something_new\audio\aswini_clips\aswini_0045.wav|what is whether it is possible and I get back to you.
E:\something_new\audio\aswini_clips\aswini_0046.wav|They didn't come and meet regarding factory EACs and other things.
E:\something_new\audio\aswini_clips\aswini_0047.wav|whatever is the other products you are having. They came and met her. Yeah.
E:\something_new\audio\aswini_clips\aswini_0048.wav|Without the purchase the shoulder.
E:\something_new\audio\aswini_clips\aswini_0049.wav|The Samsung OEMs came and met Akshar Ania.
E:\something_new\audio\aswini_clips\aswini_0050.wav|I am not sure what happened after that because I have no idea.
E:\something_new\audio\aswini_clips\aswini_0051.wav|where it is being bought or from whom it is being bought.
E:\something_new\audio\aswini_clips\aswini_0052.wav|So, the best thing is you have to talk to our...
E:\something_new\audio\aswini_clips\aswini_0053.wav|monitors I think we buy only Dell monitors
E:\something_new\audio\aswini_clips\aswini_0054.wav|Okay. Just Dell laptops and desktops. We buy only Dell monitors. Okay. In case there's any requirement for any displays and other things.
E:\something_new\audio\aswini_clips\aswini_0055.wav|What was 2000 supporting is we have some uh
E:\something_new\audio\aswini_clips\aswini_0056.wav|displays are there, professional displays are there.
E:\something_new\audio\aswini_clips\aswini_0057.wav|and Office 2000 is supporting us.
E:\something_new\audio\aswini_clips\aswini_0058.wav|No, because she has already spoken to the Samsung OEM team and
E:\something_new\audio\aswini_clips\aswini_0059.wav|And she has already discussed and she has shared I think what was the requirement at that point of time.
E:\something_new\audio\aswini_clips\aswini_0060.wav|happens like that only.
E:\something_new\audio\aswini_clips\aswini_0061.wav|2812 8500. 8500 okay.
E:\something_new\audio\aswini_clips\aswini_0062.wav|Hello, sir. Good afternoon, sir. Mohamed Sara.
E:\something_new\audio\aswini_clips\aswini_0063.wav|Alright, let's split this. Desktop, monitors, laptops. Desktop, monitors, laptops.
E:\something_new\audio\aswini_clips\aswini_0065.wav|All consumer electronics.
E:\something_new\audio\aswini_clips\aswini_0066.wav|in Tamil
E:\something_new\audio\aswini_clips\aswini_0067.wav|Okay, sir. Like, directly, can a person come and meet you, sir? Like, if required. I can come tomorrow.
E:\something_new\audio\aswini_clips\aswini_0068.wav|Okay, so you are in the Paris corner?
E:\something_new\audio\aswini_clips\aswini_0069.wav|Tabii, steel celebrate
E:\something_new\audio\aswini_clips\aswini_0070.wav|Hello, good evening. This is Amarnath, sir.
E:\something_new\audio\aswini_clips\aswini_0071.wav|Sir, this is Ashwini calling from Excess Electronics.
E:\something_new\audio\aswini_clips\aswini_0072.wav|regional distributors of Samsung.
E:\something_new\audio\aswini_clips\aswini_0073.wav|So is this the right time to speak with you, sir?
E:\something_new\audio\aswini_clips\aswini_0074.wav|This is regarding the HVAC solutions.
E:\something_new\audio\aswini_clips\aswini_0075.wav|VRF and commercial displays and signage boards.
E:\something_new\audio\aswini_clips\aswini_0076.wav|and all consumer products and IT.
E:\something_new\audio\aswini_clips\aswini_0077.wav|Peripherals, we are doing everything. I don't need any of this.
E:\something_new\audio\aswini_clips\aswini_0078.wav|Yeah sure sir, any Samsung requirements please do call us. No, no.
E:\something_new\audio\aswini_clips\aswini_0079.wav|Okay, sir. Sir, number is on the card, sir, I will go.
E:\something_new\audio\aswini_clips\aswini_0080.wav|4 double 0. 4 double 0, okay. 5 double 8 double 2.
E:\something_new\audio\aswini_clips\aswini_0081.wav|OK, so thank you so thank you so much.
E:\something_new\audio\aswini_clips\aswini_0082.wav|Hello, very good morning sir. Hello, very good morning sir. Mr. Sadasivam sir.
E:\something_new\audio\aswini_clips\aswini_0083.wav|It's on the... You can send me the...
E:\something_new\audio\aswini_clips\aswini_0084.wav|next week certain like and I know the dates are so that any Tuesday or Wednesday
E:\something_new\audio\aswini_clips\aswini_0085.wav|Sir, very good evening. Sir, is this Saafic?
E:\something_new\audio\aswini_clips\aswini_0086.wav|Sir, very good afternoon. Is this Mr. Shankar sir?
E:\something_new\audio\aswini_clips\aswini_0087.wav|So is there any requirement now or in the future?
E:\something_new\audio\aswini_clips\aswini_0088.wav|Yeah sure sir, this is your WhatsApp number I'm right.
E:\something_new\audio\aswini_clips\aswini_0089.wav|I will just send up the brief about what we do, all the products. So whenever there is a requirement, please do contact us.
E:\something_new\audio\aswini_clips\aswini_0090.wav|Hello. Hello. Good evening, sir. I'm Mr. Sridharan, sir.
E:\something_new\audio\aswini_clips\aswini_0091.wav|So that is why I said so further requirements please contact. Definitely. Thank you.
E:\something_new\audio\aswini_clips\aswini_0092.wav|This one, oh okay. Sorry, chair, this one. Happy retirement, sir. Thank you.
E:\something_new\audio\aswini_clips\aswini_0093.wav|I am just sending you the profile what we do.
E:\something_new\audio\aswini_clips\aswini_0094.wav|Next week sir. Yeah any two days sir, and please stay in the date
E:\something_new\audio\aswini_clips\aswini_0095.wav|Cut your name and reason for calling. I'll see if this person is available.
E:\something_new\audio\aswini_clips\aswini_0096.wav|Thanks Ashwini. Please stay on the line.
E:\something_new\audio\aswini_clips\aswini_0097.wav|If you would like to leave an additional message, please reply after the tone.
